id;identifier;name;description;transaction_type
1fa85f64-5717-4562-b3fc-2c963f66afa6;Via Louisiana Markets;Open-architected copy Portugal;Borders;Unbranded
2fa85f64-5717-4562-b3fc-2c963f66afa6;back-end algorithm Steel;Rest;Customer Rwanda;Markets back-end Field
3fa85f64-5717-4562-b3fc-2c963f66afa6;compress;Incredible Frozen Chicken customer loyalty portals;Garden gold;HDD
4fa85f64-5717-4562-b3fc-2c963f66afa6;RAM RAM programming;Sharable;Pizza;gold
5fa85f64-5717-4562-b3fc-2c963f66afa6;payment;Division;Expressway;solid state Branding parse
6fa85f64-5717-4562-b3fc-2c963f66afa6;Producer portal;Technician Mouse salmon;granular Accountability;capacitor haptic Denar
7fa85f64-5717-4562-b3fc-2c963f66afa6;Tunisia;task-force synthesizing;Program synthesize;Executive back-end Towels
8fa85f64-5717-4562-b3fc-2c963f66afa6;hard drive Skyway Home Loan Account;out-of-the-box mobile;Investment Account Meadows;Port
9fa85f64-5717-4562-b3fc-2c963f66afa6;Persistent mint green;auxiliary;4th generation;Circles
10a85f64-5717-4562-b3fc-2c963f66afa6;bluetooth;Iraq Enhanced Practical;redundant New Mexico Paradigm;payment panel Consultant
