id;code;name;sign;scale
1;architectures Frozen Virginia;wireless Soft primary;SAS bluetooth JBOD;63964
2;Brand Handcrafted Granite Table;IB ROI optical;Communications;12694
3;content Borders Officer;compressing Home Loan Account;integrate Orchestrator;28878
4;Quality policy;user-facing Beauty Massachusetts;clear-thinking Burgs;51326
5;next-generation enable neural;Investor;Home Loan Account;13736
6;Intelligent Frozen Mouse;JSON online turquoise;Computers;2912
7;National;Research wireless;Reactive secured line;75854
8;revolutionary;Future;Borders;3384
9;haptic Western Sahara Applications;AGP Implementation Sports;User-centric;37893
10;Movies quantifying GB;Sleek hacking Director;Shirt Tools online;20848
